order_month,orders,active_sellers,active_customers,gmv,delivered_gmv,aov,rto_pct,cancel_pct,return_pct,gmv_mom_pct
2025-01-01,58,23,58,15824.0,9493.0,272.8,29.1,5.2,0.0,
2025-02-01,491,98,484,139773.0,101797.0,284.7,19.5,2.0,3.3,783.3
2025-03-01,1418,189,1339,400615.0,286577.0,282.5,18.4,4.0,4.3,186.6
2025-04-01,2593,284,2394,719844.0,536147.0,277.6,17.7,4.4,3.6,79.7
2025-05-01,4180,393,3656,1172523.0,847172.0,280.5,18.6,3.8,4.8,62.9
2025-06-01,5847,541,4929,1669372.0,1246924.0,285.5,17.5,3.7,4.5,42.4
2025-07-01,8083,699,6396,2263850.0,1681920.0,280.1,17.6,3.8,4.4,35.6
2025-08-01,10526,847,7904,2986535.0,2210098.0,283.7,18.2,3.8,4.4,31.9
2025-09-01,11731,951,8451,3360246.0,2462089.0,286.4,18.1,3.9,4.1,12.5
2025-10-01,21499,1119,12586,6197405.0,4520624.0,288.3,18.1,4.1,4.5,84.4
2025-11-01,23763,1254,13424,6785285.0,4928067.0,285.5,18.6,4.2,4.5,9.5
2025-12-01,17548,1191,11136,5002219.0,3648696.0,285.1,18.2,4.1,4.6,-26.3
