cohort_month,cohort_sellers,months_since_first_order,active_sellers,retention_pct
2025-01-01,23,0,23,100.0
2025-01-01,23,1,21,91.3
2025-01-01,23,2,21,91.3
2025-01-01,23,3,17,73.9
2025-01-01,23,4,17,73.9
2025-01-01,23,5,15,65.2
2025-01-01,23,6,14,60.9
2025-02-01,77,0,76,98.7
2025-02-01,77,1,74,96.1
2025-02-01,77,2,65,84.4
2025-02-01,77,3,56,72.7
2025-02-01,77,4,50,64.9
2025-02-01,77,5,45,58.4
2025-02-01,77,6,43,55.8
2025-03-01,94,0,94,100.0
2025-03-01,94,1,83,88.3
2025-03-01,94,2,79,84.0
2025-03-01,94,3,70,74.5
2025-03-01,94,4,66,70.2
2025-03-01,94,5,60,63.8
2025-03-01,94,6,50,53.2
2025-04-01,118,0,118,100.0
2025-04-01,118,1,102,86.4
2025-04-01,118,2,99,83.9
2025-04-01,118,3,94,79.7
2025-04-01,118,4,75,63.6
2025-04-01,118,5,63,53.4
2025-04-01,118,6,60,50.8
2025-05-01,138,0,138,100.0
2025-05-01,138,1,126,91.3
2025-05-01,138,2,114,82.6
2025-05-01,138,3,100,72.5
2025-05-01,138,4,89,64.5
2025-05-01,138,5,80,58.0
2025-05-01,138,6,68,49.3
2025-06-01,181,0,179,98.9
2025-06-01,181,1,162,89.5
2025-06-01,181,2,149,82.3
2025-06-01,181,3,126,69.6
2025-06-01,181,4,120,66.3
2025-06-01,181,5,105,58.0
2025-06-01,181,6,95,52.5
2025-07-01,202,0,199,98.5
2025-07-01,202,1,176,87.1
2025-07-01,202,2,160,79.2
2025-07-01,202,3,152,75.2
2025-07-01,202,4,138,68.3
2025-07-01,202,5,125,61.9
2025-08-01,227,0,225,99.1
2025-08-01,227,1,210,92.5
2025-08-01,227,2,193,85.0
2025-08-01,227,3,177,78.0
2025-08-01,227,4,156,68.7
2025-09-01,206,0,202,98.1
2025-09-01,206,1,189,91.7
2025-09-01,206,2,178,86.4
2025-09-01,206,3,157,76.2
2025-10-01,236,0,235,99.6
2025-10-01,236,1,213,90.3
2025-10-01,236,2,183,77.5
2025-11-01,243,0,242,99.6
2025-11-01,243,1,223,91.8
2025-12-01,70,0,70,100.0
