category_name,orders,gmv,pct_of_gmv,aov,avg_discount_pct,rto_pct,avg_rating
Women Ethnicwear,25904,8104342.0,26.4,312.9,46.6,21.6,4.05
Men & Western Apparel,17867,6905261.0,22.5,386.5,46.5,20.5,4.06
Home & Kitchen,14810,4041331.0,13.2,272.9,46.7,16.2,4.04
Footwear,9542,3059749.0,10.0,320.7,46.7,21.1,4.05
Kids & Baby,8363,2328480.0,7.6,278.4,46.8,17.5,4.1
Electronics Accessories,8607,2075853.0,6.8,241.2,46.7,14.3,4.1
Beauty & Personal Care,8672,1743648.0,5.7,201.1,46.6,12.7,4.04
Jewellery & Accessories,7960,1456989.0,4.7,183.0,46.6,20.0,4.04
Grocery & Staples,6012,997838.0,3.2,166.0,46.7,9.1,4.05
