Date,year,month,month_start,month_name,week_of_year,day_of_week,is_weekend,is_festive,month_label,day_name
2025-01-01,2025,1,2025-01-01,Jan,1,2,0,0,Jan 2025,Wed
2025-01-02,2025,1,2025-01-01,Jan,1,3,0,0,Jan 2025,Thu
2025-01-03,2025,1,2025-01-01,Jan,1,4,0,0,Jan 2025,Fri
2025-01-04,2025,1,2025-01-01,Jan,1,5,1,0,Jan 2025,Sat
2025-01-05,2025,1,2025-01-01,Jan,1,6,1,0,Jan 2025,Sun
2025-01-06,2025,1,2025-01-01,Jan,2,0,0,0,Jan 2025,Mon
2025-01-07,2025,1,2025-01-01,Jan,2,1,0,0,Jan 2025,Tue
2025-01-08,2025,1,2025-01-01,Jan,2,2,0,0,Jan 2025,Wed
2025-01-09,2025,1,2025-01-01,Jan,2,3,0,0,Jan 2025,Thu
2025-01-10,2025,1,2025-01-01,Jan,2,4,0,0,Jan 2025,Fri
2025-01-11,2025,1,2025-01-01,Jan,2,5,1,0,Jan 2025,Sat
2025-01-12,2025,1,2025-01-01,Jan,2,6,1,0,Jan 2025,Sun
2025-01-13,2025,1,2025-01-01,Jan,3,0,0,0,Jan 2025,Mon
2025-01-14,2025,1,2025-01-01,Jan,3,1,0,0,Jan 2025,Tue
2025-01-15,2025,1,2025-01-01,Jan,3,2,0,0,Jan 2025,Wed
2025-01-16,2025,1,2025-01-01,Jan,3,3,0,0,Jan 2025,Thu
2025-01-17,2025,1,2025-01-01,Jan,3,4,0,0,Jan 2025,Fri
2025-01-18,2025,1,2025-01-01,Jan,3,5,1,0,Jan 2025,Sat
2025-01-19,2025,1,2025-01-01,Jan,3,6,1,0,Jan 2025,Sun
2025-01-20,2025,1,2025-01-01,Jan,4,0,0,0,Jan 2025,Mon
2025-01-21,2025,1,2025-01-01,Jan,4,1,0,0,Jan 2025,Tue
2025-01-22,2025,1,2025-01-01,Jan,4,2,0,0,Jan 2025,Wed
2025-01-23,2025,1,2025-01-01,Jan,4,3,0,0,Jan 2025,Thu
2025-01-24,2025,1,2025-01-01,Jan,4,4,0,0,Jan 2025,Fri
2025-01-25,2025,1,2025-01-01,Jan,4,5,1,0,Jan 2025,Sat
2025-01-26,2025,1,2025-01-01,Jan,4,6,1,0,Jan 2025,Sun
2025-01-27,2025,1,2025-01-01,Jan,5,0,0,0,Jan 2025,Mon
2025-01-28,2025,1,2025-01-01,Jan,5,1,0,0,Jan 2025,Tue
2025-01-29,2025,1,2025-01-01,Jan,5,2,0,0,Jan 2025,Wed
2025-01-30,2025,1,2025-01-01,Jan,5,3,0,0,Jan 2025,Thu
2025-01-31,2025,1,2025-01-01,Jan,5,4,0,0,Jan 2025,Fri
2025-02-01,2025,2,2025-02-01,Feb,5,5,1,0,Feb 2025,Sat
2025-02-02,2025,2,2025-02-01,Feb,5,6,1,0,Feb 2025,Sun
2025-02-03,2025,2,2025-02-01,Feb,6,0,0,0,Feb 2025,Mon
2025-02-04,2025,2,2025-02-01,Feb,6,1,0,0,Feb 2025,Tue
2025-02-05,2025,2,2025-02-01,Feb,6,2,0,0,Feb 2025,Wed
2025-02-06,2025,2,2025-02-01,Feb,6,3,0,0,Feb 2025,Thu
2025-02-07,2025,2,2025-02-01,Feb,6,4,0,0,Feb 2025,Fri
2025-02-08,2025,2,2025-02-01,Feb,6,5,1,0,Feb 2025,Sat
2025-02-09,2025,2,2025-02-01,Feb,6,6,1,0,Feb 2025,Sun
2025-02-10,2025,2,2025-02-01,Feb,7,0,0,0,Feb 2025,Mon
2025-02-11,2025,2,2025-02-01,Feb,7,1,0,0,Feb 2025,Tue
2025-02-12,2025,2,2025-02-01,Feb,7,2,0,0,Feb 2025,Wed
2025-02-13,2025,2,2025-02-01,Feb,7,3,0,0,Feb 2025,Thu
2025-02-14,2025,2,2025-02-01,Feb,7,4,0,0,Feb 2025,Fri
2025-02-15,2025,2,2025-02-01,Feb,7,5,1,0,Feb 2025,Sat
2025-02-16,2025,2,2025-02-01,Feb,7,6,1,0,Feb 2025,Sun
2025-02-17,2025,2,2025-02-01,Feb,8,0,0,0,Feb 2025,Mon
2025-02-18,2025,2,2025-02-01,Feb,8,1,0,0,Feb 2025,Tue
2025-02-19,2025,2,2025-02-01,Feb,8,2,0,0,Feb 2025,Wed
2025-02-20,2025,2,2025-02-01,Feb,8,3,0,0,Feb 2025,Thu
2025-02-21,2025,2,2025-02-01,Feb,8,4,0,0,Feb 2025,Fri
2025-02-22,2025,2,2025-02-01,Feb,8,5,1,0,Feb 2025,Sat
2025-02-23,2025,2,2025-02-01,Feb,8,6,1,0,Feb 2025,Sun
2025-02-24,2025,2,2025-02-01,Feb,9,0,0,0,Feb 2025,Mon
2025-02-25,2025,2,2025-02-01,Feb,9,1,0,0,Feb 2025,Tue
2025-02-26,2025,2,2025-02-01,Feb,9,2,0,0,Feb 2025,Wed
2025-02-27,2025,2,2025-02-01,Feb,9,3,0,0,Feb 2025,Thu
2025-02-28,2025,2,2025-02-01,Feb,9,4,0,0,Feb 2025,Fri
2025-03-01,2025,3,2025-03-01,Mar,9,5,1,0,Mar 2025,Sat
2025-03-02,2025,3,2025-03-01,Mar,9,6,1,0,Mar 2025,Sun
2025-03-03,2025,3,2025-03-01,Mar,10,0,0,0,Mar 2025,Mon
2025-03-04,2025,3,2025-03-01,Mar,10,1,0,0,Mar 2025,Tue
2025-03-05,2025,3,2025-03-01,Mar,10,2,0,0,Mar 2025,Wed
2025-03-06,2025,3,2025-03-01,Mar,10,3,0,0,Mar 2025,Thu
2025-03-07,2025,3,2025-03-01,Mar,10,4,0,0,Mar 2025,Fri
2025-03-08,2025,3,2025-03-01,Mar,10,5,1,0,Mar 2025,Sat
2025-03-09,2025,3,2025-03-01,Mar,10,6,1,0,Mar 2025,Sun
2025-03-10,2025,3,2025-03-01,Mar,11,0,0,0,Mar 2025,Mon
2025-03-11,2025,3,2025-03-01,Mar,11,1,0,0,Mar 2025,Tue
2025-03-12,2025,3,2025-03-01,Mar,11,2,0,0,Mar 2025,Wed
2025-03-13,2025,3,2025-03-01,Mar,11,3,0,0,Mar 2025,Thu
2025-03-14,2025,3,2025-03-01,Mar,11,4,0,0,Mar 2025,Fri
2025-03-15,2025,3,2025-03-01,Mar,11,5,1,0,Mar 2025,Sat
2025-03-16,2025,3,2025-03-01,Mar,11,6,1,0,Mar 2025,Sun
2025-03-17,2025,3,2025-03-01,Mar,12,0,0,0,Mar 2025,Mon
2025-03-18,2025,3,2025-03-01,Mar,12,1,0,0,Mar 2025,Tue
2025-03-19,2025,3,2025-03-01,Mar,12,2,0,0,Mar 2025,Wed
2025-03-20,2025,3,2025-03-01,Mar,12,3,0,0,Mar 2025,Thu
2025-03-21,2025,3,2025-03-01,Mar,12,4,0,0,Mar 2025,Fri
2025-03-22,2025,3,2025-03-01,Mar,12,5,1,0,Mar 2025,Sat
2025-03-23,2025,3,2025-03-01,Mar,12,6,1,0,Mar 2025,Sun
2025-03-24,2025,3,2025-03-01,Mar,13,0,0,0,Mar 2025,Mon
2025-03-25,2025,3,2025-03-01,Mar,13,1,0,0,Mar 2025,Tue
2025-03-26,2025,3,2025-03-01,Mar,13,2,0,0,Mar 2025,Wed
2025-03-27,2025,3,2025-03-01,Mar,13,3,0,0,Mar 2025,Thu
2025-03-28,2025,3,2025-03-01,Mar,13,4,0,0,Mar 2025,Fri
2025-03-29,2025,3,2025-03-01,Mar,13,5,1,0,Mar 2025,Sat
2025-03-30,2025,3,2025-03-01,Mar,13,6,1,0,Mar 2025,Sun
2025-03-31,2025,3,2025-03-01,Mar,14,0,0,0,Mar 2025,Mon
2025-04-01,2025,4,2025-04-01,Apr,14,1,0,0,Apr 2025,Tue
2025-04-02,2025,4,2025-04-01,Apr,14,2,0,0,Apr 2025,Wed
2025-04-03,2025,4,2025-04-01,Apr,14,3,0,0,Apr 2025,Thu
2025-04-04,2025,4,2025-04-01,Apr,14,4,0,0,Apr 2025,Fri
2025-04-05,2025,4,2025-04-01,Apr,14,5,1,0,Apr 2025,Sat
2025-04-06,2025,4,2025-04-01,Apr,14,6,1,0,Apr 2025,Sun
2025-04-07,2025,4,2025-04-01,Apr,15,0,0,0,Apr 2025,Mon
2025-04-08,2025,4,2025-04-01,Apr,15,1,0,0,Apr 2025,Tue
2025-04-09,2025,4,2025-04-01,Apr,15,2,0,0,Apr 2025,Wed
2025-04-10,2025,4,2025-04-01,Apr,15,3,0,0,Apr 2025,Thu
2025-04-11,2025,4,2025-04-01,Apr,15,4,0,0,Apr 2025,Fri
2025-04-12,2025,4,2025-04-01,Apr,15,5,1,0,Apr 2025,Sat
2025-04-13,2025,4,2025-04-01,Apr,15,6,1,0,Apr 2025,Sun
2025-04-14,2025,4,2025-04-01,Apr,16,0,0,0,Apr 2025,Mon
2025-04-15,2025,4,2025-04-01,Apr,16,1,0,0,Apr 2025,Tue
2025-04-16,2025,4,2025-04-01,Apr,16,2,0,0,Apr 2025,Wed
2025-04-17,2025,4,2025-04-01,Apr,16,3,0,0,Apr 2025,Thu
2025-04-18,2025,4,2025-04-01,Apr,16,4,0,0,Apr 2025,Fri
2025-04-19,2025,4,2025-04-01,Apr,16,5,1,0,Apr 2025,Sat
2025-04-20,2025,4,2025-04-01,Apr,16,6,1,0,Apr 2025,Sun
2025-04-21,2025,4,2025-04-01,Apr,17,0,0,0,Apr 2025,Mon
2025-04-22,2025,4,2025-04-01,Apr,17,1,0,0,Apr 2025,Tue
2025-04-23,2025,4,2025-04-01,Apr,17,2,0,0,Apr 2025,Wed
2025-04-24,2025,4,2025-04-01,Apr,17,3,0,0,Apr 2025,Thu
2025-04-25,2025,4,2025-04-01,Apr,17,4,0,0,Apr 2025,Fri
2025-04-26,2025,4,2025-04-01,Apr,17,5,1,0,Apr 2025,Sat
2025-04-27,2025,4,2025-04-01,Apr,17,6,1,0,Apr 2025,Sun
2025-04-28,2025,4,2025-04-01,Apr,18,0,0,0,Apr 2025,Mon
2025-04-29,2025,4,2025-04-01,Apr,18,1,0,0,Apr 2025,Tue
2025-04-30,2025,4,2025-04-01,Apr,18,2,0,0,Apr 2025,Wed
2025-05-01,2025,5,2025-05-01,May,18,3,0,0,May 2025,Thu
2025-05-02,2025,5,2025-05-01,May,18,4,0,0,May 2025,Fri
2025-05-03,2025,5,2025-05-01,May,18,5,1,0,May 2025,Sat
2025-05-04,2025,5,2025-05-01,May,18,6,1,0,May 2025,Sun
2025-05-05,2025,5,2025-05-01,May,19,0,0,0,May 2025,Mon
2025-05-06,2025,5,2025-05-01,May,19,1,0,0,May 2025,Tue
2025-05-07,2025,5,2025-05-01,May,19,2,0,0,May 2025,Wed
2025-05-08,2025,5,2025-05-01,May,19,3,0,0,May 2025,Thu
2025-05-09,2025,5,2025-05-01,May,19,4,0,0,May 2025,Fri
2025-05-10,2025,5,2025-05-01,May,19,5,1,0,May 2025,Sat
2025-05-11,2025,5,2025-05-01,May,19,6,1,0,May 2025,Sun
2025-05-12,2025,5,2025-05-01,May,20,0,0,0,May 2025,Mon
2025-05-13,2025,5,2025-05-01,May,20,1,0,0,May 2025,Tue
2025-05-14,2025,5,2025-05-01,May,20,2,0,0,May 2025,Wed
2025-05-15,2025,5,2025-05-01,May,20,3,0,0,May 2025,Thu
2025-05-16,2025,5,2025-05-01,May,20,4,0,0,May 2025,Fri
2025-05-17,2025,5,2025-05-01,May,20,5,1,0,May 2025,Sat
2025-05-18,2025,5,2025-05-01,May,20,6,1,0,May 2025,Sun
2025-05-19,2025,5,2025-05-01,May,21,0,0,0,May 2025,Mon
2025-05-20,2025,5,2025-05-01,May,21,1,0,0,May 2025,Tue
2025-05-21,2025,5,2025-05-01,May,21,2,0,0,May 2025,Wed
2025-05-22,2025,5,2025-05-01,May,21,3,0,0,May 2025,Thu
2025-05-23,2025,5,2025-05-01,May,21,4,0,0,May 2025,Fri
2025-05-24,2025,5,2025-05-01,May,21,5,1,0,May 2025,Sat
2025-05-25,2025,5,2025-05-01,May,21,6,1,0,May 2025,Sun
2025-05-26,2025,5,2025-05-01,May,22,0,0,0,May 2025,Mon
2025-05-27,2025,5,2025-05-01,May,22,1,0,0,May 2025,Tue
2025-05-28,2025,5,2025-05-01,May,22,2,0,0,May 2025,Wed
2025-05-29,2025,5,2025-05-01,May,22,3,0,0,May 2025,Thu
2025-05-30,2025,5,2025-05-01,May,22,4,0,0,May 2025,Fri
2025-05-31,2025,5,2025-05-01,May,22,5,1,0,May 2025,Sat
2025-06-01,2025,6,2025-06-01,Jun,22,6,1,0,Jun 2025,Sun
2025-06-02,2025,6,2025-06-01,Jun,23,0,0,0,Jun 2025,Mon
2025-06-03,2025,6,2025-06-01,Jun,23,1,0,0,Jun 2025,Tue
2025-06-04,2025,6,2025-06-01,Jun,23,2,0,0,Jun 2025,Wed
2025-06-05,2025,6,2025-06-01,Jun,23,3,0,0,Jun 2025,Thu
2025-06-06,2025,6,2025-06-01,Jun,23,4,0,0,Jun 2025,Fri
2025-06-07,2025,6,2025-06-01,Jun,23,5,1,0,Jun 2025,Sat
2025-06-08,2025,6,2025-06-01,Jun,23,6,1,0,Jun 2025,Sun
2025-06-09,2025,6,2025-06-01,Jun,24,0,0,0,Jun 2025,Mon
2025-06-10,2025,6,2025-06-01,Jun,24,1,0,0,Jun 2025,Tue
2025-06-11,2025,6,2025-06-01,Jun,24,2,0,0,Jun 2025,Wed
2025-06-12,2025,6,2025-06-01,Jun,24,3,0,0,Jun 2025,Thu
2025-06-13,2025,6,2025-06-01,Jun,24,4,0,0,Jun 2025,Fri
2025-06-14,2025,6,2025-06-01,Jun,24,5,1,0,Jun 2025,Sat
2025-06-15,2025,6,2025-06-01,Jun,24,6,1,0,Jun 2025,Sun
2025-06-16,2025,6,2025-06-01,Jun,25,0,0,0,Jun 2025,Mon
2025-06-17,2025,6,2025-06-01,Jun,25,1,0,0,Jun 2025,Tue
2025-06-18,2025,6,2025-06-01,Jun,25,2,0,0,Jun 2025,Wed
2025-06-19,2025,6,2025-06-01,Jun,25,3,0,0,Jun 2025,Thu
2025-06-20,2025,6,2025-06-01,Jun,25,4,0,0,Jun 2025,Fri
2025-06-21,2025,6,2025-06-01,Jun,25,5,1,0,Jun 2025,Sat
2025-06-22,2025,6,2025-06-01,Jun,25,6,1,0,Jun 2025,Sun
2025-06-23,2025,6,2025-06-01,Jun,26,0,0,0,Jun 2025,Mon
2025-06-24,2025,6,2025-06-01,Jun,26,1,0,0,Jun 2025,Tue
2025-06-25,2025,6,2025-06-01,Jun,26,2,0,0,Jun 2025,Wed
2025-06-26,2025,6,2025-06-01,Jun,26,3,0,0,Jun 2025,Thu
2025-06-27,2025,6,2025-06-01,Jun,26,4,0,0,Jun 2025,Fri
2025-06-28,2025,6,2025-06-01,Jun,26,5,1,0,Jun 2025,Sat
2025-06-29,2025,6,2025-06-01,Jun,26,6,1,0,Jun 2025,Sun
2025-06-30,2025,6,2025-06-01,Jun,27,0,0,0,Jun 2025,Mon
2025-07-01,2025,7,2025-07-01,Jul,27,1,0,0,Jul 2025,Tue
2025-07-02,2025,7,2025-07-01,Jul,27,2,0,0,Jul 2025,Wed
2025-07-03,2025,7,2025-07-01,Jul,27,3,0,0,Jul 2025,Thu
2025-07-04,2025,7,2025-07-01,Jul,27,4,0,0,Jul 2025,Fri
2025-07-05,2025,7,2025-07-01,Jul,27,5,1,0,Jul 2025,Sat
2025-07-06,2025,7,2025-07-01,Jul,27,6,1,0,Jul 2025,Sun
2025-07-07,2025,7,2025-07-01,Jul,28,0,0,0,Jul 2025,Mon
2025-07-08,2025,7,2025-07-01,Jul,28,1,0,0,Jul 2025,Tue
2025-07-09,2025,7,2025-07-01,Jul,28,2,0,0,Jul 2025,Wed
2025-07-10,2025,7,2025-07-01,Jul,28,3,0,0,Jul 2025,Thu
2025-07-11,2025,7,2025-07-01,Jul,28,4,0,0,Jul 2025,Fri
2025-07-12,2025,7,2025-07-01,Jul,28,5,1,0,Jul 2025,Sat
2025-07-13,2025,7,2025-07-01,Jul,28,6,1,0,Jul 2025,Sun
2025-07-14,2025,7,2025-07-01,Jul,29,0,0,0,Jul 2025,Mon
2025-07-15,2025,7,2025-07-01,Jul,29,1,0,0,Jul 2025,Tue
2025-07-16,2025,7,2025-07-01,Jul,29,2,0,0,Jul 2025,Wed
2025-07-17,2025,7,2025-07-01,Jul,29,3,0,0,Jul 2025,Thu
2025-07-18,2025,7,2025-07-01,Jul,29,4,0,0,Jul 2025,Fri
2025-07-19,2025,7,2025-07-01,Jul,29,5,1,0,Jul 2025,Sat
2025-07-20,2025,7,2025-07-01,Jul,29,6,1,0,Jul 2025,Sun
2025-07-21,2025,7,2025-07-01,Jul,30,0,0,0,Jul 2025,Mon
2025-07-22,2025,7,2025-07-01,Jul,30,1,0,0,Jul 2025,Tue
2025-07-23,2025,7,2025-07-01,Jul,30,2,0,0,Jul 2025,Wed
2025-07-24,2025,7,2025-07-01,Jul,30,3,0,0,Jul 2025,Thu
2025-07-25,2025,7,2025-07-01,Jul,30,4,0,0,Jul 2025,Fri
2025-07-26,2025,7,2025-07-01,Jul,30,5,1,0,Jul 2025,Sat
2025-07-27,2025,7,2025-07-01,Jul,30,6,1,0,Jul 2025,Sun
2025-07-28,2025,7,2025-07-01,Jul,31,0,0,0,Jul 2025,Mon
2025-07-29,2025,7,2025-07-01,Jul,31,1,0,0,Jul 2025,Tue
2025-07-30,2025,7,2025-07-01,Jul,31,2,0,0,Jul 2025,Wed
2025-07-31,2025,7,2025-07-01,Jul,31,3,0,0,Jul 2025,Thu
2025-08-01,2025,8,2025-08-01,Aug,31,4,0,0,Aug 2025,Fri
2025-08-02,2025,8,2025-08-01,Aug,31,5,1,0,Aug 2025,Sat
2025-08-03,2025,8,2025-08-01,Aug,31,6,1,0,Aug 2025,Sun
2025-08-04,2025,8,2025-08-01,Aug,32,0,0,0,Aug 2025,Mon
2025-08-05,2025,8,2025-08-01,Aug,32,1,0,0,Aug 2025,Tue
2025-08-06,2025,8,2025-08-01,Aug,32,2,0,0,Aug 2025,Wed
2025-08-07,2025,8,2025-08-01,Aug,32,3,0,0,Aug 2025,Thu
2025-08-08,2025,8,2025-08-01,Aug,32,4,0,0,Aug 2025,Fri
2025-08-09,2025,8,2025-08-01,Aug,32,5,1,0,Aug 2025,Sat
2025-08-10,2025,8,2025-08-01,Aug,32,6,1,0,Aug 2025,Sun
2025-08-11,2025,8,2025-08-01,Aug,33,0,0,0,Aug 2025,Mon
2025-08-12,2025,8,2025-08-01,Aug,33,1,0,0,Aug 2025,Tue
2025-08-13,2025,8,2025-08-01,Aug,33,2,0,0,Aug 2025,Wed
2025-08-14,2025,8,2025-08-01,Aug,33,3,0,0,Aug 2025,Thu
2025-08-15,2025,8,2025-08-01,Aug,33,4,0,0,Aug 2025,Fri
2025-08-16,2025,8,2025-08-01,Aug,33,5,1,0,Aug 2025,Sat
2025-08-17,2025,8,2025-08-01,Aug,33,6,1,0,Aug 2025,Sun
2025-08-18,2025,8,2025-08-01,Aug,34,0,0,0,Aug 2025,Mon
2025-08-19,2025,8,2025-08-01,Aug,34,1,0,0,Aug 2025,Tue
2025-08-20,2025,8,2025-08-01,Aug,34,2,0,0,Aug 2025,Wed
2025-08-21,2025,8,2025-08-01,Aug,34,3,0,0,Aug 2025,Thu
2025-08-22,2025,8,2025-08-01,Aug,34,4,0,0,Aug 2025,Fri
2025-08-23,2025,8,2025-08-01,Aug,34,5,1,0,Aug 2025,Sat
2025-08-24,2025,8,2025-08-01,Aug,34,6,1,0,Aug 2025,Sun
2025-08-25,2025,8,2025-08-01,Aug,35,0,0,0,Aug 2025,Mon
2025-08-26,2025,8,2025-08-01,Aug,35,1,0,0,Aug 2025,Tue
2025-08-27,2025,8,2025-08-01,Aug,35,2,0,0,Aug 2025,Wed
2025-08-28,2025,8,2025-08-01,Aug,35,3,0,0,Aug 2025,Thu
2025-08-29,2025,8,2025-08-01,Aug,35,4,0,0,Aug 2025,Fri
2025-08-30,2025,8,2025-08-01,Aug,35,5,1,0,Aug 2025,Sat
2025-08-31,2025,8,2025-08-01,Aug,35,6,1,0,Aug 2025,Sun
2025-09-01,2025,9,2025-09-01,Sep,36,0,0,0,Sep 2025,Mon
2025-09-02,2025,9,2025-09-01,Sep,36,1,0,0,Sep 2025,Tue
2025-09-03,2025,9,2025-09-01,Sep,36,2,0,0,Sep 2025,Wed
2025-09-04,2025,9,2025-09-01,Sep,36,3,0,0,Sep 2025,Thu
2025-09-05,2025,9,2025-09-01,Sep,36,4,0,0,Sep 2025,Fri
2025-09-06,2025,9,2025-09-01,Sep,36,5,1,0,Sep 2025,Sat
2025-09-07,2025,9,2025-09-01,Sep,36,6,1,0,Sep 2025,Sun
2025-09-08,2025,9,2025-09-01,Sep,37,0,0,0,Sep 2025,Mon
2025-09-09,2025,9,2025-09-01,Sep,37,1,0,0,Sep 2025,Tue
2025-09-10,2025,9,2025-09-01,Sep,37,2,0,0,Sep 2025,Wed
2025-09-11,2025,9,2025-09-01,Sep,37,3,0,0,Sep 2025,Thu
2025-09-12,2025,9,2025-09-01,Sep,37,4,0,0,Sep 2025,Fri
2025-09-13,2025,9,2025-09-01,Sep,37,5,1,0,Sep 2025,Sat
2025-09-14,2025,9,2025-09-01,Sep,37,6,1,0,Sep 2025,Sun
2025-09-15,2025,9,2025-09-01,Sep,38,0,0,0,Sep 2025,Mon
2025-09-16,2025,9,2025-09-01,Sep,38,1,0,0,Sep 2025,Tue
2025-09-17,2025,9,2025-09-01,Sep,38,2,0,0,Sep 2025,Wed
2025-09-18,2025,9,2025-09-01,Sep,38,3,0,0,Sep 2025,Thu
2025-09-19,2025,9,2025-09-01,Sep,38,4,0,0,Sep 2025,Fri
2025-09-20,2025,9,2025-09-01,Sep,38,5,1,0,Sep 2025,Sat
2025-09-21,2025,9,2025-09-01,Sep,38,6,1,0,Sep 2025,Sun
2025-09-22,2025,9,2025-09-01,Sep,39,0,0,0,Sep 2025,Mon
2025-09-23,2025,9,2025-09-01,Sep,39,1,0,0,Sep 2025,Tue
2025-09-24,2025,9,2025-09-01,Sep,39,2,0,0,Sep 2025,Wed
2025-09-25,2025,9,2025-09-01,Sep,39,3,0,0,Sep 2025,Thu
2025-09-26,2025,9,2025-09-01,Sep,39,4,0,0,Sep 2025,Fri
2025-09-27,2025,9,2025-09-01,Sep,39,5,1,0,Sep 2025,Sat
2025-09-28,2025,9,2025-09-01,Sep,39,6,1,0,Sep 2025,Sun
2025-09-29,2025,9,2025-09-01,Sep,40,0,0,0,Sep 2025,Mon
2025-09-30,2025,9,2025-09-01,Sep,40,1,0,0,Sep 2025,Tue
2025-10-01,2025,10,2025-10-01,Oct,40,2,0,1,Oct 2025,Wed
2025-10-02,2025,10,2025-10-01,Oct,40,3,0,1,Oct 2025,Thu
2025-10-03,2025,10,2025-10-01,Oct,40,4,0,1,Oct 2025,Fri
2025-10-04,2025,10,2025-10-01,Oct,40,5,1,1,Oct 2025,Sat
2025-10-05,2025,10,2025-10-01,Oct,40,6,1,1,Oct 2025,Sun
2025-10-06,2025,10,2025-10-01,Oct,41,0,0,1,Oct 2025,Mon
2025-10-07,2025,10,2025-10-01,Oct,41,1,0,1,Oct 2025,Tue
2025-10-08,2025,10,2025-10-01,Oct,41,2,0,1,Oct 2025,Wed
2025-10-09,2025,10,2025-10-01,Oct,41,3,0,1,Oct 2025,Thu
2025-10-10,2025,10,2025-10-01,Oct,41,4,0,1,Oct 2025,Fri
2025-10-11,2025,10,2025-10-01,Oct,41,5,1,1,Oct 2025,Sat
2025-10-12,2025,10,2025-10-01,Oct,41,6,1,1,Oct 2025,Sun
2025-10-13,2025,10,2025-10-01,Oct,42,0,0,1,Oct 2025,Mon
2025-10-14,2025,10,2025-10-01,Oct,42,1,0,1,Oct 2025,Tue
2025-10-15,2025,10,2025-10-01,Oct,42,2,0,1,Oct 2025,Wed
2025-10-16,2025,10,2025-10-01,Oct,42,3,0,1,Oct 2025,Thu
2025-10-17,2025,10,2025-10-01,Oct,42,4,0,1,Oct 2025,Fri
2025-10-18,2025,10,2025-10-01,Oct,42,5,1,1,Oct 2025,Sat
2025-10-19,2025,10,2025-10-01,Oct,42,6,1,1,Oct 2025,Sun
2025-10-20,2025,10,2025-10-01,Oct,43,0,0,1,Oct 2025,Mon
2025-10-21,2025,10,2025-10-01,Oct,43,1,0,1,Oct 2025,Tue
2025-10-22,2025,10,2025-10-01,Oct,43,2,0,1,Oct 2025,Wed
2025-10-23,2025,10,2025-10-01,Oct,43,3,0,1,Oct 2025,Thu
2025-10-24,2025,10,2025-10-01,Oct,43,4,0,1,Oct 2025,Fri
2025-10-25,2025,10,2025-10-01,Oct,43,5,1,1,Oct 2025,Sat
2025-10-26,2025,10,2025-10-01,Oct,43,6,1,1,Oct 2025,Sun
2025-10-27,2025,10,2025-10-01,Oct,44,0,0,1,Oct 2025,Mon
2025-10-28,2025,10,2025-10-01,Oct,44,1,0,1,Oct 2025,Tue
2025-10-29,2025,10,2025-10-01,Oct,44,2,0,1,Oct 2025,Wed
2025-10-30,2025,10,2025-10-01,Oct,44,3,0,1,Oct 2025,Thu
2025-10-31,2025,10,2025-10-01,Oct,44,4,0,1,Oct 2025,Fri
2025-11-01,2025,11,2025-11-01,Nov,44,5,1,1,Nov 2025,Sat
2025-11-02,2025,11,2025-11-01,Nov,44,6,1,1,Nov 2025,Sun
2025-11-03,2025,11,2025-11-01,Nov,45,0,0,1,Nov 2025,Mon
2025-11-04,2025,11,2025-11-01,Nov,45,1,0,1,Nov 2025,Tue
2025-11-05,2025,11,2025-11-01,Nov,45,2,0,1,Nov 2025,Wed
2025-11-06,2025,11,2025-11-01,Nov,45,3,0,1,Nov 2025,Thu
2025-11-07,2025,11,2025-11-01,Nov,45,4,0,1,Nov 2025,Fri
2025-11-08,2025,11,2025-11-01,Nov,45,5,1,1,Nov 2025,Sat
2025-11-09,2025,11,2025-11-01,Nov,45,6,1,1,Nov 2025,Sun
2025-11-10,2025,11,2025-11-01,Nov,46,0,0,1,Nov 2025,Mon
2025-11-11,2025,11,2025-11-01,Nov,46,1,0,1,Nov 2025,Tue
2025-11-12,2025,11,2025-11-01,Nov,46,2,0,1,Nov 2025,Wed
2025-11-13,2025,11,2025-11-01,Nov,46,3,0,1,Nov 2025,Thu
2025-11-14,2025,11,2025-11-01,Nov,46,4,0,1,Nov 2025,Fri
2025-11-15,2025,11,2025-11-01,Nov,46,5,1,1,Nov 2025,Sat
2025-11-16,2025,11,2025-11-01,Nov,46,6,1,1,Nov 2025,Sun
2025-11-17,2025,11,2025-11-01,Nov,47,0,0,1,Nov 2025,Mon
2025-11-18,2025,11,2025-11-01,Nov,47,1,0,1,Nov 2025,Tue
2025-11-19,2025,11,2025-11-01,Nov,47,2,0,1,Nov 2025,Wed
2025-11-20,2025,11,2025-11-01,Nov,47,3,0,1,Nov 2025,Thu
2025-11-21,2025,11,2025-11-01,Nov,47,4,0,1,Nov 2025,Fri
2025-11-22,2025,11,2025-11-01,Nov,47,5,1,1,Nov 2025,Sat
2025-11-23,2025,11,2025-11-01,Nov,47,6,1,1,Nov 2025,Sun
2025-11-24,2025,11,2025-11-01,Nov,48,0,0,1,Nov 2025,Mon
2025-11-25,2025,11,2025-11-01,Nov,48,1,0,1,Nov 2025,Tue
2025-11-26,2025,11,2025-11-01,Nov,48,2,0,1,Nov 2025,Wed
2025-11-27,2025,11,2025-11-01,Nov,48,3,0,1,Nov 2025,Thu
2025-11-28,2025,11,2025-11-01,Nov,48,4,0,1,Nov 2025,Fri
2025-11-29,2025,11,2025-11-01,Nov,48,5,1,1,Nov 2025,Sat
2025-11-30,2025,11,2025-11-01,Nov,48,6,1,1,Nov 2025,Sun
2025-12-01,2025,12,2025-12-01,Dec,49,0,0,0,Dec 2025,Mon
2025-12-02,2025,12,2025-12-01,Dec,49,1,0,0,Dec 2025,Tue
2025-12-03,2025,12,2025-12-01,Dec,49,2,0,0,Dec 2025,Wed
2025-12-04,2025,12,2025-12-01,Dec,49,3,0,0,Dec 2025,Thu
2025-12-05,2025,12,2025-12-01,Dec,49,4,0,0,Dec 2025,Fri
2025-12-06,2025,12,2025-12-01,Dec,49,5,1,0,Dec 2025,Sat
2025-12-07,2025,12,2025-12-01,Dec,49,6,1,0,Dec 2025,Sun
2025-12-08,2025,12,2025-12-01,Dec,50,0,0,0,Dec 2025,Mon
2025-12-09,2025,12,2025-12-01,Dec,50,1,0,0,Dec 2025,Tue
2025-12-10,2025,12,2025-12-01,Dec,50,2,0,0,Dec 2025,Wed
2025-12-11,2025,12,2025-12-01,Dec,50,3,0,0,Dec 2025,Thu
2025-12-12,2025,12,2025-12-01,Dec,50,4,0,0,Dec 2025,Fri
2025-12-13,2025,12,2025-12-01,Dec,50,5,1,0,Dec 2025,Sat
2025-12-14,2025,12,2025-12-01,Dec,50,6,1,0,Dec 2025,Sun
2025-12-15,2025,12,2025-12-01,Dec,51,0,0,0,Dec 2025,Mon
2025-12-16,2025,12,2025-12-01,Dec,51,1,0,0,Dec 2025,Tue
2025-12-17,2025,12,2025-12-01,Dec,51,2,0,0,Dec 2025,Wed
2025-12-18,2025,12,2025-12-01,Dec,51,3,0,0,Dec 2025,Thu
2025-12-19,2025,12,2025-12-01,Dec,51,4,0,0,Dec 2025,Fri
2025-12-20,2025,12,2025-12-01,Dec,51,5,1,0,Dec 2025,Sat
2025-12-21,2025,12,2025-12-01,Dec,51,6,1,0,Dec 2025,Sun
2025-12-22,2025,12,2025-12-01,Dec,52,0,0,0,Dec 2025,Mon
2025-12-23,2025,12,2025-12-01,Dec,52,1,0,0,Dec 2025,Tue
2025-12-24,2025,12,2025-12-01,Dec,52,2,0,0,Dec 2025,Wed
2025-12-25,2025,12,2025-12-01,Dec,52,3,0,0,Dec 2025,Thu
2025-12-26,2025,12,2025-12-01,Dec,52,4,0,0,Dec 2025,Fri
2025-12-27,2025,12,2025-12-01,Dec,52,5,1,0,Dec 2025,Sat
2025-12-28,2025,12,2025-12-01,Dec,52,6,1,0,Dec 2025,Sun
2025-12-29,2025,12,2025-12-01,Dec,1,0,0,0,Dec 2025,Mon
2025-12-30,2025,12,2025-12-01,Dec,1,1,0,0,Dec 2025,Tue
2025-12-31,2025,12,2025-12-01,Dec,1,2,0,0,Dec 2025,Wed
